/RowName;/Name;/ShortDesc;/LongDesc;/Icon;/ItemClass;/BuildingClass;/VisualObject;/ActionBlueprint_Use;/MaxStackSize;/EquipLocation;/GUICategory;/ArmourValue;/ArmorType;/SoundPhysicalSurface;/WeaponType;/WeaponArcheType;/CompatableAmmunitions/0;/CompatableAmmunitions/1;/CompatableAmmunitions/2;/CompatableAmmunitions/3;/CompatableAmmunitions/4;/CompatableAmmunitions/5;/CompatableAmmunitions/6;/CompatableAmmunitions/7;/CompatableAmmunitions/8;/CompatableAmmunitions/9;/CompatableAmmunitions/10;/CompatableAmmunitions/11;/CompatableAmmunitions/12;/CompatableAmmunitions/13;/CompatableAmmunitions/14;/CompatableAmmunitions/15;/CompatableAmmunitions/16;/CompatableAmmunitions/17;/CompatableAmmunitions/18;/CompatableAmmunitions/19;/CompatableAmmunitions/20;/CompatableAmmunitions/21;/CompatableAmmunitions/22;/CompatableAmmunitions/23;/CompatableAmmunitions/24;/CompatableAmmunitions/25;/CompatableAmmunitions/26;/CompatableAmmunitions/27;/CompatableAmmunitions/28;/CompatableAmmunitions/29;/CompatableAmmunitions/30;/CompatableAmmunitions/31;/CompatableAmmunitions/32;/CompatableAmmunitions/33;/CompatableAmmunitions/34;/SoundTransmitterType;/KnockbackResponseWeapon;/WeaponStaminaAttackSingleBasic;/WeaponStaminaAttackSingleSpecial;/WeaponStaminaAttackDualBasic;/WeaponStaminaAttackDualSpecial;/WeaponStaminaHeavyChargedRegenModifier;/WeaponSpeedHeavyChargedModifier;/EncumbranceWeight;/ConeAngle;/ConeMaxDistance;/DamageHealthLight_OnHit;/DamageHealthHeavy_OnHit;/DamageStaminaLight_OnHit;/DamageStaminaHeavy_OnHit;/DamageHealthLight_OnBlock;/DamageHealthHeavy_OnBlock;/DamageStaminaLight_OnBlock;/DamageStaminaHeavy_OnBlock;/HarvestDamage;/WeaponUsage;/MaxAttackReach;/MinAttackReach;/MinAttackDistance;/WeaponEffectWidth;/WeaponEffectHeight;/ItemTier;/ArmorPen;/DamageConcussiveLightOnHit;/DamageConcussiveHeavyOnHit;/DamageConcussiveLightOnBlock;/DamageConcussiveHeavyOnBlock;/DamageTier;/CoolDownTime;/ReuseTime;/SelectionWeight;/KnockbackOffenseBasic;/KnockbackOffenseSpecial;/KnockbackOffenseBasicOnBlock;/KnockbackOffenseSpecialOnBlock;/KnockbackDefense;/VisualStaticMesh;/VisualSkeletalMesh;/VisualDestructibleMesh;/WeaponStatusDefault;/WeaponStatusCurrent;/WeaponStatusDecrement;/PerishRate;/PerishTo;/MaxDurability;/RepairItem1;/RepairItem1_Amount;/RepairItem1_Weight;/RepairItem2;/RepairItem2_Amount;/RepairItem2_Weight;/RepairItem3;/RepairItem3_Amount;/RepairItem3_Weight;/AffectedByDamageTiers;/BuildingPieceScore;/BuildingMaxHealth;/RepairXP;/FirstModifier;/SecondModifier;/ThirdModifier;/FourthModifier;/FoodAmount;/DrinkAmount;/BurnTime;/ItemFlags;/ItemContainerSize;/AvatarType;/DyeColourID;/WarPaintID;/StaminaCostMultiplier;/StaminaClimbingCostMultiplier;/LeavesGhostItem;/DLCPackage;/SpawnTemplateID
"50523";"NSLOCTEXT("""", ""ItemTable_50523_Name"", ""Reach of the Red Mother"")";"NSLOCTEXT("""", ""ItemTable_50523_ShortDesc"", ""A bow crafted of exquisite dragonbone"")";"NSLOCTEXT("""", ""ItemTable_50523_LongDesc"", ""<span style=\""italic\"">And their magicians made a terrible magic to guard the city; for by their necromantic arts they re-created the dragons which had once dwelt in this lost land, and whose monstrous bones they found in the forest. Those bones they clothed in flesh and life, and the living beasts walked the earth as they walked it when time was young.</> - Red Nails\n\nThrough the long passage of eons, rumors of dragons have always been passed down from generation to generation, and the legacy of these fearsome creatures grows with each telling."")";"/Game/UI/Textures/Icons/icon_dragonhorn_bow.icon_dragonhorn_bow";"/Game/Items/Weapons/Bow/BP_Item_BowLauncherHyrkanian.BP_Item_BowLauncherHyrkanian_C";"None";"/Game/Items/Weapons/Bow/BP_bow_2h.BP_bow_2h_C";"None";1;8;"Weapon";0;0;9;"Bow";"TwoHanded_Ranged";53611;53612;53613;53614;53651;53652;53656;53654;53658;51184;51103;53615;53616;53617;53618;53619;53620;53621;53615;53616;53617;53618;53619;53620;53621;51529;51503;51471;54004;50515;51216;92099;53621;53622;53623;17;FALSE;5;5;0;0;0;1;3.5;35;250;30;30;0;0;0;0;0;0;0;36;3500;0;0;0;0;5;0.30000001192092896;0;0;0;0;"Steel";0;0;0;10;10;0;0;0;"None";"/Game/Items/Weapons/Bow/SK_undead_dragon_horn_bow.SK_undead_dragon_horn_bow";"None";0;0;0;0;0;1500;0;0;0;0;0;0;0;0;0;0;0;0;3;"NSLOCTEXT("""", ""ItemTable_50523_FirstModifier"", ""Legendary"")";"NSLOCTEXT("""", ""ItemTable_50523_SecondModifier"", ""Weapon"")";"";"";0;0;0;65;0;"None";-1;-1;1;1;FALSE;"None";"None"
"51168";"NSLOCTEXT("""", ""ItemTable_51168_Name"", ""Exceptional Hunting Bow"")";"NSLOCTEXT("""", ""ItemTable_51168_ShortDesc"", ""A bow crafted from branches"")";"NSLOCTEXT("""", ""ItemTable_51168_LongDesc"", ""<span style=\""italic\"">A long bow and a strong bow, and let the sky grow dark! The cord to the nock, the shaft to the ear, and the king of Koth for a mark!</> - Song of the Bossonian Archers.\n\nCarved from a single piece of wood, the hunting bow is used across the world and in hundreds of variants.\n\nIn trained hands, bows are lethal weapons that can bring down a foe from afar. A large part of the versatility of the bow comes from the arrows used in battle.\n\nThis bow will be able to bring down both human and non-human foes, but it relies heavily on the skill of the wielder."")";"/Game/UI/Textures/Icons/icon_basic_wood_bow.icon_basic_wood_bow";"/Game/Items/Weapons/Bow/BP_Item_BowLauncherHunting.BP_Item_BowLauncherHunting_C";"None";"/Game/Items/Weapons/Bow/BP_bow_2h.BP_bow_2h_C";"None";1;8;"Weapon";0;0;8;"Bow";"TwoHanded_Ranged";53611;53612;53613;53614;53651;53652;53656;53654;53658;51184;51103;53615;53616;53617;53618;53619;53620;53621;53615;53616;53617;53618;53619;53620;53621;51529;51503;51471;54004;50515;51216;92099;53621;53622;53623;16;FALSE;5;5;0;0;0;1;2.450000047683716;35;250;22;22;0;0;0;0;0;0;0;36;10000;100;200;0;0;1;0.08550000190734863;0;0;0;0;"Stone";0;0;0;10;10;0;0;0;"None";"/Game/Items/Weapons/Bow/SK_bow_simple_wood.SK_bow_simple_wood";"None";0;0;0;0;0;250;0;0;0;12001;6;1;0;0;0;0;0;0;34;"NSLOCTEXT("""", ""ItemTable_51168_FirstModifier"", ""Low Grade Exceptional"")";"NSLOCTEXT("""", ""ItemTable_51168_SecondModifier"", ""Weapon"")";"";"";0;0;0;65;0;"None";-1;-1;1;1;FALSE;"None";"None"
"51169";"NSLOCTEXT("""", ""ItemTable_51169_Name"", ""Flawless Hunting Bow"")";"NSLOCTEXT("""", ""ItemTable_51169_ShortDesc"", ""A bow crafted from branches"")";"NSLOCTEXT("""", ""ItemTable_51169_LongDesc"", ""<span style=\""italic\"">A long bow and a strong bow, and let the sky grow dark! The cord to the nock, the shaft to the ear, and the king of Koth for a mark!</> - Song of the Bossonian Archers.\n\nCarved from a single piece of wood, the hunting bow is used across the world and in hundreds of variants.\n\nIn trained hands, bows are lethal weapons that can bring down a foe from afar. A large part of the versatility of the bow comes from the arrows used in battle.\n\nThis bow will be able to bring down both human and non-human foes, but it relies heavily on the skill of the wielder."")";"/Game/UI/Textures/Icons/icon_basic_wood_bow.icon_basic_wood_bow";"/Game/Items/Weapons/Bow/BP_Item_BowLauncherHunting.BP_Item_BowLauncherHunting_C";"None";"/Game/Items/Weapons/Bow/BP_bow_2h.BP_bow_2h_C";"None";1;8;"Weapon";0;0;8;"Bow";"TwoHanded_Ranged";53611;53612;53613;53614;53651;53652;53656;53654;53658;51184;51103;53615;53616;53617;53618;53619;53620;53621;53615;53616;53617;53618;53619;53620;53621;51529;51503;51471;54004;50515;51216;92099;53621;53622;53623;16;FALSE;5;5;0;0;0;1;2.0999999046325684;35;250;23;23;0;0;0;0;0;0;0;36;10000;100;200;0;0;1;0.09000000357627869;0;0;0;0;"Stone";0;0;0;10;10;0;0;0;"None";"/Game/Items/Weapons/Bow/SK_bow_simple_wood.SK_bow_simple_wood";"None";0;0;0;0;0;300;0;0;0;12001;7;1;0;0;0;0;0;0;37;"NSLOCTEXT("""", ""ItemTable_51169_FirstModifier"", ""Low Grade Flawless"")";"NSLOCTEXT("""", ""ItemTable_51169_SecondModifier"", ""Weapon"")";"";"";0;0;0;65;0;"None";-1;-1;1;1;FALSE;"None";"None"
"51401";"NSLOCTEXT("""", ""ItemTable_51401_Name"", ""Hunting Bow"")";"NSLOCTEXT("""", ""ItemTable_51401_ShortDesc"", ""A bow crafted from branches"")";"NSLOCTEXT("""", ""ItemTable_51401_LongDesc"", ""<span style=\""italic\"">A long bow and a strong bow, and let the sky grow dark! The cord to the nock, the shaft to the ear, and the king of Koth for a mark!</> - Song of the Bossonian Archers.\n\nCarved from a single piece of wood, the hunting bow is used across the world and in hundreds of variants.\n\nIn trained hands, bows are lethal weapons that can bring down a foe from afar. A large part of the versatility of the bow comes from the arrows used in battle.\n\nThis bow will be able to bring down both human and non-human foes, but it relies heavily on the skill of the wielder."")";"/Game/UI/Textures/Icons/icon_basic_wood_bow.icon_basic_wood_bow";"/Game/Items/Weapons/Bow/BP_Item_BowLauncherHunting.BP_Item_BowLauncherHunting_C";"None";"/Game/Items/Weapons/Bow/BP_bow_2h.BP_bow_2h_C";"None";1;8;"Weapon";0;0;8;"Bow";"TwoHanded_Ranged";53611;53612;53613;53614;53651;53652;53656;53654;53658;51184;51103;53615;53616;53617;53618;53619;53620;53621;53615;53616;53617;53618;53619;53620;53621;51529;51503;51471;54004;50515;51216;92099;53621;53622;53623;16;FALSE;5;5;0;0;0;1;2.799999952316284;35;250;20;20;0;0;0;0;0;0;0;36;10000;100;200;0;0;1;0.08100000023841858;0;0;0;0;"Stone";0;0;0;10;10;0;0;0;"None";"/Game/Items/Weapons/Bow/SK_bow_simple_wood.SK_bow_simple_wood";"None";0;0;0;0;0;200;0;0;0;12001;6;1;0;0;0;0;0;0;31;"NSLOCTEXT("""", ""ItemTable_51401_FirstModifier"", ""Low Grade"")";"NSLOCTEXT("""", ""ItemTable_51401_SecondModifier"", ""Weapon"")";"";"";0;0;0;65;0;"None";-1;-1;1;1;FALSE;"None";"None"
"51402";"NSLOCTEXT("""", ""ItemTable_51402_Name"", ""Hyrkanian Bow"")";"NSLOCTEXT("""", ""ItemTable_51402_ShortDesc"", ""A composite bow crafted of silk string and branches"")";"NSLOCTEXT("""", ""ItemTable_51402_LongDesc"", ""<span style=\""italic\""> Kerim Shah had unslung the powerful Turanian bow that killed at five hundred paces, and the Irakzai looked to their own lighter and less lethal bows.</> - The People of the Black Circle\n\nThis bow is made in the Hyrkanian style, using different materials to strengthen different areas of the bow and allowing it to be shorter than a longbow. For Hyrkanians, who spend most of their lives shooting from horseback, this is a necessity.\n\nHyrkanians are widely considered the best archers in the world, raised to the hunt and the art of shooting from horseback. Their bows, however, are not as well made as those of the Shemites, who have spent centuries perfecting the art.\n\nIn trained hands, bows are lethal weapons that can bring down a foe from afar. A large part of the versatility of the bow comes from the arrows used in battle."")";"/Game/UI/Textures/Icons/icon_composite_bow.icon_composite_bow";"/Game/Items/Weapons/Bow/BP_Item_BowLauncherHyrkanian.BP_Item_BowLauncherHyrkanian_C";"None";"/Game/Items/Weapons/Bow/BP_bow_2h.BP_bow_2h_C";"None";1;8;"Weapon";0;0;8;"Bow";"TwoHanded_Ranged";53611;53612;53613;53614;53651;53652;53656;53654;53658;51184;51103;53615;53616;53617;53618;53619;53620;53621;53615;53616;53617;53618;53619;53620;53621;51529;51503;51471;54004;50515;51216;92099;53621;53622;53623;16;FALSE;5;5;0;0;0;1;3.1500000953674316;35;250;22;22;0;0;0;0;0;0;0;36;10000;100;200;0;0;2;0.08100000023841858;0;0;0;0;"Stone";0;0;0;10;10;0;0;0;"None";"/Game/Items/Weapons/Bow/SK_bow_basic_wood.SK_bow_basic_wood";"None";0;0;0;0;0;600;0;0;0;12512;10;1;12513;10;1;0;0;0;177;"NSLOCTEXT("""", ""ItemTable_51402_FirstModifier"", ""High Grade"")";"NSLOCTEXT("""", ""ItemTable_51402_SecondModifier"", ""Weapon"")";"";"";0;0;0;65;0;"None";-1;-1;1;1;FALSE;"None";"None"
"51403";"NSLOCTEXT("""", ""ItemTable_51403_Name"", ""Exceptional Hyrkanian Bow"")";"NSLOCTEXT("""", ""ItemTable_51403_ShortDesc"", ""A composite bow crafted of silk string and branches"")";"NSLOCTEXT("""", ""ItemTable_51403_LongDesc"", ""<span style=\""italic\""> Kerim Shah had unslung the powerful Turanian bow that killed at five hundred paces, and the Irakzai looked to their own lighter and less lethal bows.</> - The People of the Black Circle\n\nThis bow is made in the Hyrkanian style, using different materials to strengthen different areas of the bow and allowing it to be shorter than a longbow. For Hyrkanians, who spend most of their lives shooting from horseback, this is a necessity.\n\nHyrkanians are widely considered the best archers in the world, raised to the hunt and the art of shooting from horseback. Their bows, however, are not as well made as those of the Shemites, who have spent centuries perfecting the art.\n\nIn trained hands, bows are lethal weapons that can bring down a foe from afar. A large part of the versatility of the bow comes from the arrows used in battle."")";"/Game/UI/Textures/Icons/icon_composite_bow.icon_composite_bow";"/Game/Items/Weapons/Bow/BP_Item_BowLauncherHyrkanian.BP_Item_BowLauncherHyrkanian_C";"None";"/Game/Items/Weapons/Bow/BP_bow_2h.BP_bow_2h_C";"None";1;8;"Weapon";0;0;8;"Bow";"TwoHanded_Ranged";53611;53612;53613;53614;53651;53652;53656;53654;53658;51184;51103;53615;53616;53617;53618;53619;53620;53621;53615;53616;53617;53618;53619;53620;53621;51529;51503;51471;54004;50515;51216;92099;53621;53622;53623;16;FALSE;5;5;0;0;0;1;2.9800000190734863;35;250;24;24;0;0;0;0;0;0;0;36;10000;100;200;0;0;2;0.08550000190734863;0;0;0;0;"Stone";0;0;0;10;10;0;0;0;"None";"/Game/Items/Weapons/Bow/SK_bow_basic_wood.SK_bow_basic_wood";"None";0;0;0;0;0;650;0;0;0;12512;12;1;12513;10;1;0;0;0;189;"NSLOCTEXT("""", ""ItemTable_51403_FirstModifier"", ""High Grade Exceptional"")";"NSLOCTEXT("""", ""ItemTable_51403_SecondModifier"", ""Weapon"")";"";"";0;0;0;65;0;"None";-1;-1;1;1;FALSE;"None";"None"
"51404";"NSLOCTEXT("""", ""ItemTable_51404_Name"", ""Flawless Hyrkanian Bow"")";"NSLOCTEXT("""", ""ItemTable_51404_ShortDesc"", ""A composite bow crafted of silk string and branches"")";"NSLOCTEXT("""", ""ItemTable_51404_LongDesc"", ""<span style=\""italic\""> Kerim Shah had unslung the powerful Turanian bow that killed at five hundred paces, and the Irakzai looked to their own lighter and less lethal bows.</> - The People of the Black Circle\n\nThis bow is made in the Hyrkanian style, using different materials to strengthen different areas of the bow and allowing it to be shorter than a longbow. For Hyrkanians, who spend most of their lives shooting from horseback, this is a necessity.\n\nHyrkanians are widely considered the best archers in the world, raised to the hunt and the art of shooting from horseback. Their bows, however, are not as well made as those of the Shemites, who have spent centuries perfecting the art.\n\nIn trained hands, bows are lethal weapons that can bring down a foe from afar. A large part of the versatility of the bow comes from the arrows used in battle."")";"/Game/UI/Textures/Icons/icon_composite_bow.icon_composite_bow";"/Game/Items/Weapons/Bow/BP_Item_BowLauncherHyrkanian.BP_Item_BowLauncherHyrkanian_C";"None";"/Game/Items/Weapons/Bow/BP_bow_2h.BP_bow_2h_C";"None";1;8;"Weapon";0;0;8;"Bow";"TwoHanded_Ranged";53611;53612;53613;53614;53651;53652;53656;53654;53658;51184;51103;53615;53616;53617;53618;53619;53620;53621;53615;53616;53617;53618;53619;53620;53621;51529;51503;51471;54004;50515;51216;92099;53621;53622;53623;16;FALSE;5;5;0;0;0;1;2.799999952316284;35;250;25;25;0;0;0;0;0;0;0;36;10000;100;200;0;0;2;0.09000000357627869;0;0;0;0;"Stone";0;0;0;10;10;0;0;0;"None";"/Game/Items/Weapons/Bow/SK_bow_basic_wood.SK_bow_basic_wood";"None";0;0;0;0;0;700;0;0;0;12512;12;1;12513;12;1;0;0;0;204;"NSLOCTEXT("""", ""ItemTable_51404_FirstModifier"", ""High Grade Flawless"")";"NSLOCTEXT("""", ""ItemTable_51404_SecondModifier"", ""Weapon"")";"";"";0;0;0;65;0;"None";-1;-1;1;1;FALSE;"None";"None"
"51406";"NSLOCTEXT("""", ""ItemTable_51406_Name"", ""Ancient Bow"")";"NSLOCTEXT("""", ""ItemTable_51406_ShortDesc"", ""A bow forged from an ancient design"")";"NSLOCTEXT("""", ""ItemTable_51406_LongDesc"", ""<span style=\""italic\""> Springing to his feet, he bent his bow powerfully and drove his last shaft point blank at a great hairy shape that soared up at his throat. The arrow was a flying beam of moonlight that flashed onward with but a blur in its course, but the were-beast plunged convulsively in midair and crashed headlong, shot through and through.</> - Queen of the Black Coast\n\nCreated based on an ancient design found in the Exiled Lands, this bow seems to confuse the eye with its odd, alien curves.\n\nIn the thrum of the bowstring, it whispers of gibbering terrors screeching beneath a blood-red moon and the terrified screams of those who flee the merciless hunt.\n\nOne who holds this bow too long risks being drawn into its miasma of madness."")";"/Game/UI/Textures/Icons/icon_ancient_bow.icon_ancient_bow";"/Game/Items/Weapons/Bow/BP_Item_BowLauncherAncient.BP_Item_BowLauncherAncient_C";"None";"/Game/Items/Weapons/Bow/BP_bow_2h.BP_bow_2h_C";"None";1;8;"Weapon";0;0;8;"Bow";"TwoHanded_Ranged";53611;53612;53613;53614;53651;53652;53656;53654;53658;51184;51103;53615;53616;53617;53618;53619;53620;53621;53615;53616;53617;53618;53619;53620;53621;51529;51503;51471;54004;50515;51216;92099;53621;53622;53623;16;FALSE;5;5;0;0;0;1;4.199999809265137;35;250;24;24;0;0;0;0;0;0;0;36;10000;100;200;0;0;3;0.08100000023841858;0;0;0;0;"Stone";0;0;0;10;10;0;0;0;"None";"/Game/Items/Weapons/Bow/SK_bow_ancient_iron.SK_bow_ancient_iron";"None";0;0;0;0;0;900;16021;5;1;12512;10;1;12513;10;1;0;0;0;2461;"NSLOCTEXT("""", ""ItemTable_51406_FirstModifier"", ""High Grade"")";"NSLOCTEXT("""", ""ItemTable_51406_SecondModifier"", ""Weapon"")";"";"";0;0;0;65;0;"None";-1;-1;1;1;FALSE;"None";"None"
"51407";"NSLOCTEXT("""", ""ItemTable_51407_Name"", ""Light Hyrkanian Bow"")";"NSLOCTEXT("""", ""ItemTable_51407_ShortDesc"", ""A light composite bow crafted of branches and thick leather"")";"NSLOCTEXT("""", ""ItemTable_51407_LongDesc"", ""<span style=\""italic\""> Kerim Shah had unslung the powerful Turanian bow that killed at five hundred paces, and the Irakzai looked to their own lighter and less lethal bows.</> - The People of the Black Circle\n\nThis bow is made in the Hyrkanian style, using different materials to strengthen different areas of the bow and allowing it to be shorter than a longbow. For Hyrkanians, who spend most of their lives shooting from horseback, this is a necessity.\n\nHyrkanians are widely considered the best archers in the world, raised to the hunt and the art of shooting from horseback. Their bows, however, are not as well made as those of the Shemites, who have spent centuries perfecting the art.\n\nIn trained hands, bows are lethal weapons that can bring down a foe from afar. A large part of the versatility of the bow comes from the arrows used in battle."")";"/Game/UI/Textures/Icons/icon_composite_bow.icon_composite_bow";"/Game/Items/Weapons/Bow/BP_Item_BowLauncherHyrkanian.BP_Item_BowLauncherHyrkanian_C";"None";"/Game/Items/Weapons/Bow/BP_bow_2h.BP_bow_2h_C";"None";1;8;"Weapon";0;0;8;"Bow";"TwoHanded_Ranged";53611;53612;53613;53614;53651;53652;53656;53654;53658;51184;51103;53615;53616;53617;53618;53619;53620;53621;53615;53616;53617;53618;53619;53620;53621;51529;51503;51471;54004;50515;51216;92099;53621;53622;53623;16;FALSE;5;5;0;0;0;1;2.1500000953674316;35;250;22;22;0;0;0;0;0;0;0;36;10000;100;200;0;0;2;0.08100000023841858;0;0;0;0;"Stone";0;0;0;10;10;0;0;0;"None";"/Game/Items/Weapons/Bow/SK_bow_basic_wood_plain.SK_bow_basic_wood_plain";"None";0;0;0;0;0;600;0;0;0;12512;8;1;0;0;0;0;0;0;75;"NSLOCTEXT("""", ""ItemTable_51407_FirstModifier"", ""High Grade"")";"NSLOCTEXT("""", ""ItemTable_51407_SecondModifier"", ""Weapon"")";"";"";0;0;0;65;0;"None";-1;-1;1;1;FALSE;"None";"None"
"51408";"NSLOCTEXT("""", ""ItemTable_51408_Name"", ""Exceptional Light Hyrkanian Bow"")";"NSLOCTEXT("""", ""ItemTable_51408_ShortDesc"", ""A light composite bow crafted of branches and thick leather"")";"NSLOCTEXT("""", ""ItemTable_51408_LongDesc"", ""<span style=\""italic\""> Kerim Shah had unslung the powerful Turanian bow that killed at five hundred paces, and the Irakzai looked to their own lighter and less lethal bows.</> - The People of the Black Circle\n\nThis bow is made in the Hyrkanian style, using different materials to strengthen different areas of the bow and allowing it to be shorter than a longbow. For Hyrkanians, who spend most of their lives shooting from horseback, this is a necessity.\n\nHyrkanians are widely considered the best archers in the world, raised to the hunt and the art of shooting from horseback. Their bows, however, are not as well made as those of the Shemites, who have spent centuries perfecting the art.\n\nIn trained hands, bows are lethal weapons that can bring down a foe from afar. A large part of the versatility of the bow comes from the arrows used in battle."")";"/Game/UI/Textures/Icons/icon_composite_bow.icon_composite_bow";"/Game/Items/Weapons/Bow/BP_Item_BowLauncherHyrkanian.BP_Item_BowLauncherHyrkanian_C";"None";"/Game/Items/Weapons/Bow/BP_bow_2h.BP_bow_2h_C";"None";1;8;"Weapon";0;0;8;"Bow";"TwoHanded_Ranged";53611;53612;53613;53614;53651;53652;53656;53654;53658;51184;51103;53615;53616;53617;53618;53619;53620;53621;53615;53616;53617;53618;53619;53620;53621;51529;51503;51471;54004;50515;51216;92099;53621;53622;53623;16;FALSE;5;5;0;0;0;1;2;35;250;23;23;0;0;0;0;0;0;0;36;10000;100;200;0;0;2;0.08550000190734863;0;0;0;0;"Stone";0;0;0;10;10;0;0;0;"None";"/Game/Items/Weapons/Bow/SK_bow_basic_wood_plain.SK_bow_basic_wood_plain";"None";0;0;0;0;0;650;0;0;0;12512;9;1;0;0;0;0;0;0;84;"NSLOCTEXT("""", ""ItemTable_51408_FirstModifier"", ""High Grade Exceptional"")";"NSLOCTEXT("""", ""ItemTable_51408_SecondModifier"", ""Weapon"")";"";"";0;0;0;65;0;"None";-1;-1;1;1;FALSE;"None";"None"
"51409";"NSLOCTEXT("""", ""ItemTable_51409_Name"", ""Flawless Light Hyrkanian Bow"")";"NSLOCTEXT("""", ""ItemTable_51409_ShortDesc"", ""A light composite bow crafted of branches and thick leather"")";"NSLOCTEXT("""", ""ItemTable_51409_LongDesc"", ""<span style=\""italic\""> Kerim Shah had unslung the powerful Turanian bow that killed at five hundred paces, and the Irakzai looked to their own lighter and less lethal bows.</> - The People of the Black Circle\n\nThis bow is made in the Hyrkanian style, using different materials to strengthen different areas of the bow and allowing it to be shorter than a longbow. For Hyrkanians, who spend most of their lives shooting from horseback, this is a necessity.\n\nHyrkanians are widely considered the best archers in the world, raised to the hunt and the art of shooting from horseback. Their bows, however, are not as well made as those of the Shemites, who have spent centuries perfecting the art.\n\nIn trained hands, bows are lethal weapons that can bring down a foe from afar. A large part of the versatility of the bow comes from the arrows used in battle."")";"/Game/UI/Textures/Icons/icon_composite_bow.icon_composite_bow";"/Game/Items/Weapons/Bow/BP_Item_BowLauncherHyrkanian.BP_Item_BowLauncherHyrkanian_C";"None";"/Game/Items/Weapons/Bow/BP_bow_2h.BP_bow_2h_C";"None";1;8;"Weapon";0;0;8;"Bow";"TwoHanded_Ranged";53611;53612;53613;53614;53651;53652;53656;53654;53658;51184;51103;53615;53616;53617;53618;53619;53620;53621;53615;53616;53617;53618;53619;53620;53621;51529;51503;51471;54004;50515;51216;92099;53621;53622;53623;16;FALSE;5;5;0;0;0;1;1.7999999523162842;35;250;25;25;0;0;0;0;0;0;0;36;10000;100;200;0;0;2;0.09000000357627869;0;0;0;0;"Stone";0;0;0;10;10;0;0;0;"None";"/Game/Items/Weapons/Bow/SK_bow_basic_wood_plain.SK_bow_basic_wood_plain";"None";0;0;0;0;0;700;0;0;0;12512;10;1;0;0;0;0;0;0;99;"NSLOCTEXT("""", ""ItemTable_51409_FirstModifier"", ""High Grade Flawless"")";"NSLOCTEXT("""", ""ItemTable_51409_SecondModifier"", ""Weapon"")";"";"";0;0;0;65;0;"None";-1;-1;1;1;FALSE;"None";"None"
"51586";"NSLOCTEXT("""", ""ItemTable_51586_Name"", ""Star Metal Bow"")";"NSLOCTEXT("""", ""ItemTable_51586_ShortDesc"", ""A bow reinforced with Star Metal"")";"NSLOCTEXT("""", ""ItemTable_51586_LongDesc"", ""<span style=\""italic\""> A long bow and a strong bow, and let the sky grow dark! The cord to the nock, the shaft to the ear, and the king of Koth for a mark!</>\nSong of the Bossonian Archers.\n\nIn trained hands, bows are lethal weapons that can bring down a foe from afar. A large part of the versatility of the bow comes from the arrows used in battle.\n\nThis bow will be able to bring down both human and non-human foes, but it relies heavily on the skill of the wielder.\n"")";"/Game/UI/Textures/Icons/icon_star_metal_bow.icon_star_metal_bow";"/Game/Items/Weapons/Bow/BP_Item_BowLauncherHyrkanian.BP_Item_BowLauncherHyrkanian_C";"None";"/Game/Items/Weapons/Bow/BP_bow_2h.BP_bow_2h_C";"None";1;8;"Weapon";0;0;0;"Bow";"TwoHanded_Ranged";53611;53612;53613;53614;53651;53652;53656;53654;53658;51184;51103;53615;53616;53617;53618;53619;53620;53621;53615;53616;53617;53618;53619;53620;53621;51529;51503;51471;54004;50515;51216;92099;53621;53622;53623;16;FALSE;5;5;0;0;0;1;2.799999952316284;35;250;26;26;0;0;0;0;0;0;0;36;10000;100;200;0;0;4;0.07649999856948853;0;0;0;0;"Steel";0;0;0;10;10;0;0;0;"None";"/Game/Items/Weapons/Bow/SK_starmetal_bow.SK_starmetal_bow";"None";0;0;0;0;0;1300;11108;2;1;12512;4;1;18061;1;1;0;0;0;726;"NSLOCTEXT("""", ""ItemTable_51586_FirstModifier"", ""High Grade"")";"NSLOCTEXT("""", ""ItemTable_51586_SecondModifier"", ""Weapon"")";"";"";0;0;0;65;0;"None";-1;-1;1;1;FALSE;"None";"None"
"51587";"NSLOCTEXT("""", ""ItemTable_51587_Name"", ""Exceptional Star Metal Bow"")";"NSLOCTEXT("""", ""ItemTable_51587_ShortDesc"", ""A bow reinforced with Star Metal"")";"NSLOCTEXT("""", ""ItemTable_51587_LongDesc"", ""<span style=\""italic\""> A long bow and a strong bow, and let the sky grow dark! The cord to the nock, the shaft to the ear, and the king of Koth for a mark!</>\nSong of the Bossonian Archers.\n\nIn trained hands, bows are lethal weapons that can bring down a foe from afar. A large part of the versatility of the bow comes from the arrows used in battle.\n\nThis bow will be able to bring down both human and non-human foes, but it relies heavily on the skill of the wielder.\n"")";"/Game/UI/Textures/Icons/icon_star_metal_bow.icon_star_metal_bow";"/Game/Items/Weapons/Bow/BP_Item_BowLauncherHyrkanian.BP_Item_BowLauncherHyrkanian_C";"None";"/Game/Items/Weapons/Bow/BP_bow_2h.BP_bow_2h_C";"None";1;8;"Weapon";0;0;0;"Bow";"TwoHanded_Ranged";53611;53612;53613;53614;53651;53652;53656;53654;53658;51184;51103;53615;53616;53617;53618;53619;53620;53621;53615;53616;53617;53618;53619;53620;53621;51529;51503;51471;54004;50515;51216;92099;53621;53622;53623;16;FALSE;5;5;0;0;0;1;2.630000114440918;35;250;27;27;0;0;0;0;0;0;0;36;10000;100;200;0;0;4;0.08100000023841858;0;0;0;0;"Steel";0;0;0;10;10;0;0;0;"None";"/Game/Items/Weapons/Bow/SK_starmetal_bow.SK_starmetal_bow";"None";0;0;0;0;0;1400;11108;3;1;12512;6;1;18061;2;1;0;0;0;1404;"NSLOCTEXT("""", ""ItemTable_51587_FirstModifier"", ""High Grade Exceptional"")";"NSLOCTEXT("""", ""ItemTable_51587_SecondModifier"", ""Weapon"")";"";"";0;0;0;65;0;"None";-1;-1;1;1;FALSE;"None";"None"
"51588";"NSLOCTEXT("""", ""ItemTable_51588_Name"", ""Flawless Star Metal Bow"")";"NSLOCTEXT("""", ""ItemTable_51588_ShortDesc"", ""A bow reinforced with Star Metal"")";"NSLOCTEXT("""", ""ItemTable_51588_LongDesc"", ""<span style=\""italic\""> A long bow and a strong bow, and let the sky grow dark! The cord to the nock, the shaft to the ear, and the king of Koth for a mark!</>\nSong of the Bossonian Archers.\n\nIn trained hands, bows are lethal weapons that can bring down a foe from afar. A large part of the versatility of the bow comes from the arrows used in battle.\n\nThis bow will be able to bring down both human and non-human foes, but it relies heavily on the skill of the wielder.\n"")";"/Game/UI/Textures/Icons/icon_star_metal_bow.icon_star_metal_bow";"/Game/Items/Weapons/Bow/BP_Item_BowLauncherHyrkanian.BP_Item_BowLauncherHyrkanian_C";"None";"/Game/Items/Weapons/Bow/BP_bow_2h.BP_bow_2h_C";"None";1;8;"Weapon";0;0;0;"Bow";"TwoHanded_Ranged";53611;53612;53613;53614;53651;53652;53656;53654;53658;51184;51103;53615;53616;53617;53618;53619;53620;53621;53615;53616;53617;53618;53619;53620;53621;51529;51503;51471;54004;50515;51216;92099;53621;53622;53623;16;FALSE;5;5;0;0;0;1;2.450000047683716;35;250;29;29;0;0;0;0;0;0;0;36;10000;100;200;0;0;4;0.08550000190734863;0;0;0;0;"Steel";0;0;0;10;10;0;0;0;"None";"/Game/Items/Weapons/Bow/SK_starmetal_bow.SK_starmetal_bow";"None";0;0;0;0;0;1500;11108;3;1;12512;6;1;18061;3;1;0;0;0;2058;"NSLOCTEXT("""", ""ItemTable_51588_FirstModifier"", ""High Grade Flawless"")";"NSLOCTEXT("""", ""ItemTable_51588_SecondModifier"", ""Weapon"")";"";"";0;0;0;65;0;"None";-1;-1;1;1;FALSE;"None";"None"
"51589";"NSLOCTEXT("""", ""ItemTable_51589_Name"", ""Hardened Steel Bow"")";"NSLOCTEXT("""", ""ItemTable_51589_ShortDesc"", ""A bow reinforced with Hardened Steel"")";"NSLOCTEXT("""", ""ItemTable_51589_LongDesc"", ""<span style=\""italic\""> A long bow and a strong bow, and let the sky grow dark! The cord to the nock, the shaft to the ear, and the king of Koth for a mark!</>\nSong of the Bossonian Archers.\n\nIn trained hands, bows are lethal weapons that can bring down a foe from afar. A large part of the versatility of the bow comes from the arrows used in battle.\n\nThis bow will be able to bring down both human and non-human foes, but it relies heavily on the skill of the wielder.\n"")";"/Game/UI/Textures/Icons/icon_harded_steel_bow.icon_harded_steel_bow";"/Game/Items/Weapons/Bow/BP_Item_BowLauncherHyrkanian.BP_Item_BowLauncherHyrkanian_C";"None";"/Game/Items/Weapons/Bow/BP_bow_2h.BP_bow_2h_C";"None";1;8;"Weapon";0;0;0;"Bow";"TwoHanded_Ranged";53611;53612;53613;53614;53651;53652;53656;53654;53658;51184;51103;53615;53616;53617;53618;53619;53620;53621;53615;53616;53617;53618;53619;53620;53621;51529;51503;51471;54004;50515;51216;92099;53621;53622;53623;16;FALSE;5;5;0;0;0;1;3.5;35;250;24;24;0;0;0;0;0;0;0;36;10000;100;200;0;0;4;0.08100000023841858;0;0;0;0;"Steel";0;0;0;10;10;0;0;0;"None";"/Game/Items/Weapons/Bow/SK_cimmerian_steel_bow.SK_cimmerian_steel_bow";"None";0;0;0;0;0;1200;11108;2;1;12512;4;1;18062;1;1;0;0;0;300;"NSLOCTEXT("""", ""ItemTable_51589_FirstModifier"", ""High Grade"")";"NSLOCTEXT("""", ""ItemTable_51589_SecondModifier"", ""Weapon"")";"";"";0;0;0;65;0;"None";-1;-1;1;1;FALSE;"None";"None"
"51590";"NSLOCTEXT("""", ""ItemTable_51590_Name"", ""Exceptional Hardened Steel Bow"")";"NSLOCTEXT("""", ""ItemTable_51590_ShortDesc"", ""A bow reinforced with Hardened Steel"")";"NSLOCTEXT("""", ""ItemTable_51590_LongDesc"", ""<span style=\""italic\""> A long bow and a strong bow, and let the sky grow dark! The cord to the nock, the shaft to the ear, and the king of Koth for a mark!</>\nSong of the Bossonian Archers.\n\nIn trained hands, bows are lethal weapons that can bring down a foe from afar. A large part of the versatility of the bow comes from the arrows used in battle.\n\nThis bow will be able to bring down both human and non-human foes, but it relies heavily on the skill of the wielder.\n"")";"/Game/UI/Textures/Icons/icon_harded_steel_bow.icon_harded_steel_bow";"/Game/Items/Weapons/Bow/BP_Item_BowLauncherHyrkanian.BP_Item_BowLauncherHyrkanian_C";"None";"/Game/Items/Weapons/Bow/BP_bow_2h.BP_bow_2h_C";"None";1;8;"Weapon";0;0;0;"Bow";"TwoHanded_Ranged";53611;53612;53613;53614;53651;53652;53656;53654;53658;51184;51103;53615;53616;53617;53618;53619;53620;53621;53615;53616;53617;53618;53619;53620;53621;51529;51503;51471;54004;50515;51216;92099;53621;53622;53623;16;FALSE;5;5;0;0;0;1;3.3299999237060547;35;250;25;25;0;0;0;0;0;0;0;36;10000;100;200;0;0;4;0.08550000190734863;0;0;0;0;"Steel";0;0;0;10;10;0;0;0;"None";"/Game/Items/Weapons/Bow/SK_cimmerian_steel_bow.SK_cimmerian_steel_bow";"None";0;0;0;0;0;1250;11108;3;1;12512;6;1;18062;2;1;0;0;0;552;"NSLOCTEXT("""", ""ItemTable_51590_FirstModifier"", ""High Grade Exceptional"")";"NSLOCTEXT("""", ""ItemTable_51590_SecondModifier"", ""Weapon"")";"";"";0;0;0;65;0;"None";-1;-1;1;1;FALSE;"None";"None"
"51591";"NSLOCTEXT("""", ""ItemTable_51591_Name"", ""Flawless Hardened Steel Bow"")";"NSLOCTEXT("""", ""ItemTable_51591_ShortDesc"", ""A bow reinforced with Hardened Steel"")";"NSLOCTEXT("""", ""ItemTable_51591_LongDesc"", ""<span style=\""italic\""> A long bow and a strong bow, and let the sky grow dark! The cord to the nock, the shaft to the ear, and the king of Koth for a mark!</>\nSong of the Bossonian Archers.\n\nIn trained hands, bows are lethal weapons that can bring down a foe from afar. A large part of the versatility of the bow comes from the arrows used in battle.\n\nThis bow will be able to bring down both human and non-human foes, but it relies heavily on the skill of the wielder.\n"")";"/Game/UI/Textures/Icons/icon_harded_steel_bow.icon_harded_steel_bow";"/Game/Items/Weapons/Bow/BP_Item_BowLauncherHyrkanian.BP_Item_BowLauncherHyrkanian_C";"None";"/Game/Items/Weapons/Bow/BP_bow_2h.BP_bow_2h_C";"None";1;8;"Weapon";0;0;0;"Bow";"TwoHanded_Ranged";53611;53612;53613;53614;53651;53652;53656;53654;53658;51184;51103;53615;53616;53617;53618;53619;53620;53621;53615;53616;53617;53618;53619;53620;53621;51529;51503;51471;54004;50515;51216;92099;53621;53622;53623;16;FALSE;5;5;0;0;0;1;3.1500000953674316;35;250;27;27;0;0;0;0;0;0;0;36;10000;100;200;0;0;4;0.09000000357627869;0;0;0;0;"Steel";0;0;0;10;10;0;0;0;"None";"/Game/Items/Weapons/Bow/SK_cimmerian_steel_bow.SK_cimmerian_steel_bow";"None";0;0;0;0;0;1300;11108;3;1;12512;6;1;18062;3;1;0;0;0;780;"NSLOCTEXT("""", ""ItemTable_51591_FirstModifier"", ""High Grade Flawless"")";"NSLOCTEXT("""", ""ItemTable_51591_SecondModifier"", ""Weapon"")";"";"";0;0;0;65;0;"None";-1;-1;1;1;FALSE;"None";"None"
"54003";"NSLOCTEXT("""", ""ItemTable_54003_Name"", ""Dragonbone Bow"")";"NSLOCTEXT("""", ""ItemTable_54003_ShortDesc"", ""A bow crafted of exquisite dragonbone"")";"NSLOCTEXT("""", ""ItemTable_54003_LongDesc"", ""<span style=\""italic\"">And their magicians made a terrible magic to guard the city; for by their necromantic arts they re-created the dragons which had once dwelt in this lost land, and whose monstrous bones they found in the forest. Those bones they clothed in flesh and life, and the living beasts walked the earth as they walked it when time was young.</> - Red Nails\n\nThrough the long passage of eons, rumors of dragons have always been passed down from generation to generation, and the legacy of these fearsome creatures grows with each telling."")";"/Game/UI/Textures/Icons/icon_dragonhorn_bow.icon_dragonhorn_bow";"/Game/Items/Weapons/Bow/BP_Item_BowLauncherHyrkanian.BP_Item_BowLauncherHyrkanian_C";"None";"/Game/Items/Weapons/Bow/BP_bow_2h.BP_bow_2h_C";"None";1;8;"Weapon";0;0;9;"Bow";"TwoHanded_Ranged";53611;53612;53613;53614;53651;53652;53656;53654;53658;51184;51103;53615;53616;53617;53618;53619;53620;53621;53615;53616;53617;53618;53619;53620;53621;51529;51503;51471;54004;50515;51216;92099;53621;53622;53623;17;FALSE;7;6;0;0;0;1;7;35;250;27;27;0;0;0;0;0;0;0;36;3500;0;0;0;0;4;0.09000000357627869;0;0;0;0;"Steel";0;0;0;10;10;0;0;0;"None";"/Game/Items/Weapons/Bow/SK_undead_dragon_horn_bow.SK_undead_dragon_horn_bow";"None";0;0;0;0;0;800;0;0;0;0;0;0;10022;8;1;0;0;0;216;"NSLOCTEXT("""", ""ItemTable_54003_FirstModifier"", ""High Grade"")";"NSLOCTEXT("""", ""ItemTable_54003_SecondModifier"", ""Weapon"")";"";"";0;0;0;65;0;"None";-1;-1;1;1;FALSE;"None";"None"
"92094";"NSLOCTEXT("""", ""ItemTable_92094_Name"", ""Goat-Horn Bow"")";"NSLOCTEXT("""", ""ItemTable_92094_ShortDesc"", ""This bow has a demonic entity bound to it"")";"NSLOCTEXT("""", ""ItemTable_92094_LongDesc"", ""It is unknown as to which specific demonic entity is bound to this bow, but whichever it is, it hungers for death. A pity, then, that the entity this demon possessed was merely a goat. Otherwise, this weapon could have been quite formidable."")";"/Game/UI/Textures/Icons/icon_dragonhorn_bow.icon_dragonhorn_bow";"/Game/Items/Weapons/Bow/BP_Item_BowLauncherHyrkanian.BP_Item_BowLauncherHyrkanian_C";"None";"/Game/Items/Weapons/Bow/BP_bow_2h.BP_bow_2h_C";"None";1;8;"Weapon";0;0;9;"Bow";"TwoHanded_Ranged";53611;53612;53613;53614;53651;53652;53656;53654;53658;51184;51103;53615;53616;53617;53618;53619;53620;53621;53615;53616;53617;53618;53619;53620;53621;51529;51503;51471;54004;50515;51216;92099;53621;53622;53623;17;FALSE;5;5;0;0;0;1;4.199999809265137;35;250;24;24;0;0;0;0;0;0;0;36;3500;0;0;0;0;4;0.08100000023841858;0;0;0;0;"Steel";0;0;0;10;10;0;0;0;"None";"/Game/Items/Weapons/Bow/SK_undead_dragon_horn_bow.SK_undead_dragon_horn_bow";"None";0;0;0;0;0;900;0;0;0;0;0;0;0;0;0;0;0;0;3;"NSLOCTEXT("""", ""ItemTable_92094_FirstModifier"", ""Mid Grade"")";"NSLOCTEXT("""", ""ItemTable_92094_SecondModifier"", ""Weapon"")";"";"NSLOCTEXT("""", ""ItemTable_92094_FourthModifier"", ""Baa"")";0;0;0;1;0;"None";-1;-1;1;1;FALSE;"None";"None"
"92098";"NSLOCTEXT("""", ""ItemTable_92098_Name"", ""Hollowbone Bow"")";"NSLOCTEXT("""", ""ItemTable_92098_ShortDesc"", ""A bow crafted from the bones of a winged demon"")";"NSLOCTEXT("""", ""ItemTable_92098_LongDesc"", ""This bow is made from the hollow bones of the Nest Mother. Its construction is awkward yet powerful."")";"/Game/UI/Textures/Icons/icon_dragonhorn_bow_black.icon_dragonhorn_bow_black";"/Game/Items/Weapons/Bow/BP_Item_BowLauncherNobounce.BP_Item_BowLauncherNobounce_C";"None";"/Game/Items/Weapons/Bow/BP_bow_2h.BP_bow_2h_C";"None";1;8;"Weapon";0;0;9;"Bow";"TwoHanded_Ranged";92099;"";"";"";"";"";"";"";"";"";"";"";"";"";"";"";"";"";"";"";"";"";"";"";"";"";"";"";"";"";"";"";"";"";"";17;FALSE;5;5;0;0;0;1;3.5;35;250;29;29;0;0;0;0;0;0;0;36;3500;0;0;0;0;5;0.0989999994635582;0;0;0;0;"Steel";0;0;0;10;10;0;0;0;"None";"/Game/Items/Weapons/Bow/SK_childrenofjhil_bow.SK_childrenofjhil_bow";"None";0;0;0;0;0;1500;0;0;0;0;0;0;0;0;0;0;0;0;3;"NSLOCTEXT("""", ""ItemTable_92098_FirstModifier"", ""Legendary"")";"NSLOCTEXT("""", ""ItemTable_92098_SecondModifier"", ""Weapon"")";"";"NSLOCTEXT("""", ""ItemTable_92098_FourthModifier"", ""Hollowbone"")";0;0;0;65;0;"None";-1;-1;1;1;FALSE;"None";"None"
"92219";"NSLOCTEXT("""", ""ItemTable_92219_Name"", ""Khari Bow"")";"NSLOCTEXT("""", ""ItemTable_92219_ShortDesc"", ""A composite bow crafted in the lost art of a dead civilization"")";"NSLOCTEXT("""", ""ItemTable_92219_LongDesc"", ""<span style=\""italic\"">Its composition was something like copper, but much harder, and it was carved with hieroglyphics, like those found on the more ancient menhirs in southern Stygia.</> - The God in the Bowl\n\nHistorians link the rise and eventual fall of the Khari empire to its dominion over the slave trade. In fact, it\'s believed the Khari gained their reputation as master crafters through the careful theft and assimilation of knowledge held by those they enslaved.\n\nWhen the inevitable occurred and slave turned against master, Khari survivors fled west to the desert where they encountered the last remaining vestiges of the serpent people. As devout worshippers of Set, the Khari venerated the serpent folk as living scions of their beloved reptile God and laid the foundations for the kingdom that would later be known as Stygia. What finally befell the Khari and their scaled patrons is lost to time. \n\nIn trained hands, bows are lethal weapons that can bring down a foe from afar. A large part of the versatility of the bow comes from the arrows used in battle."")";"/Game/UI/Textures/Icons/icon_khari_bow.icon_khari_bow";"/Game/Items/Weapons/Bow/BP_Item_BowLauncherHyrkanian.BP_Item_BowLauncherHyrkanian_C";"None";"/Game/Items/Weapons/Bow/BP_bow_2h.BP_bow_2h_C";"None";1;8;"Weapon";0;0;0;"Bow";"TwoHanded_Ranged";53611;53612;53613;53614;53651;53652;53656;53654;53658;51184;51103;53615;53616;53617;53618;53619;53620;53621;53615;53616;53617;53618;53619;53620;53621;51529;51503;51471;54004;50515;51216;92099;53621;53622;53623;17;FALSE;5;5;0;0;1;35;2.450000047683716;250;0;28;28;0;0;0;0;0;0;0;36;10000;100;0;0;0;1;0.08550000190734863;0;0;0;0;"Iron";0;0;0;10;10;0;0;0;"None";"/Game/Items/Weapons/Bow/SK_khari_bow.SK_khari_bow";"/Game/Items/Weapons/Bow/SM_Khari_bow_DM.SM_Khari_bow_DM";0;0;0;0;0;1500;10012;4;1;10020;15;1;0;0;0;0;0;0;64;"NSLOCTEXT("""", ""ItemTable_92219_FirstModifier"", ""Legendary"")";"NSLOCTEXT("""", ""ItemTable_92219_SecondModifier"", ""Weapon"")";"";"NSLOCTEXT("""", ""ItemTable_92219_FourthModifier"", ""Bonus Accuracy and Vitality"")";0;0;0;65;0;"None";-1;-1;1;1;FALSE;"None";"None"
"92236";"NSLOCTEXT("""", ""ItemTable_92236_Name"", ""Pristine Khari Bow"")";"NSLOCTEXT("""", ""ItemTable_92236_ShortDesc"", ""A composite bow crafted in the lost art of a dead civilization"")";"NSLOCTEXT("""", ""ItemTable_92236_LongDesc"", ""<span style=\""italic\"">Its composition was something like copper, but much harder, and it was carved with hieroglyphics, like those found on the more ancient menhirs in southern Stygia.</> - The God in the Bowl\n\nHistorians link the rise and eventual fall of the Khari empire to its dominion over the slave trade. In fact, it\'s believed the Khari gained their reputation as master crafters through the careful theft and assimilation of knowledge held by those they enslaved.\n\nWhen the inevitable occurred and slave turned against master, Khari survivors fled west to the desert where they encountered the last remaining vestiges of the serpent people. As devout worshippers of Set, the Khari venerated the serpent folk as living scions of their beloved reptile God and laid the foundations for the kingdom that would later be known as Stygia. What finally befell the Khari and their scaled patrons is lost to time. \n\nIn trained hands, bows are lethal weapons that can bring down a foe from afar. A large part of the versatility of the bow comes from the arrows used in battle."")";"/Game/UI/Textures/Icons/Icon_shadow_bow.Icon_shadow_bow";"/Game/Items/Weapons/Bow/BP_Item_BowLauncherHyrkanian.BP_Item_BowLauncherHyrkanian_C";"None";"/Game/Items/Weapons/Bow/BP_bow_2h.BP_bow_2h_C";"None";1;8;"Weapon";0;0;0;"Bow";"TwoHanded_Ranged";53611;53612;53613;53614;53651;53652;53656;53654;53658;51184;51103;53615;53616;53617;53618;53619;53620;53621;53615;53616;53617;53618;53619;53620;53621;51529;51503;51471;54004;50515;51216;92099;53621;53622;53623;17;FALSE;5;5;0;0;1;35;3.5;250;0;28;28;0;0;0;0;0;0;0;36;10000;100;0;0;0;1;0.09000000357627869;0;0;0;0;"Iron";0;0;0;10;10;0;0;0;"None";"/Game/Items/Weapons/Bow/SK_shadow_bow.SK_shadow_bow";"/Game/Items/Weapons/Bow/SM_shadow_bow_DM.SM_shadow_bow_DM";0;0;0;0;0;1500;10012;4;1;0;0;0;0;0;0;0;0;0;0;"NSLOCTEXT("""", ""ItemTable_92236_FirstModifier"", ""Legendary"")";"NSLOCTEXT("""", ""ItemTable_92236_SecondModifier"", ""Weapon"")";"";"NSLOCTEXT("""", ""ItemTable_92236_FourthModifier"", ""Bonus Accuracy and Strength"")";0;0;0;1;0;"None";-1;-1;1;1;FALSE;"None";"None"
"53611";"NSLOCTEXT("""", ""ItemTable_53611_Name"", ""Flinthead Arrow"")";"NSLOCTEXT("""", ""ItemTable_53611_ShortDesc"", ""Arrows with flint heads"")";"NSLOCTEXT("""", ""ItemTable_53611_LongDesc"", ""<span style=\""italic\"">Better if steel and bowstring prevail without further aid from the arts, for the constant use of mighty spells sometimes sets forces in motion that might rock the universe.</> - The Hour of the Dragon\n\nA well-made arrow can be the difference between a hit and a miss.\n\nArrows can be equipped by dragging them over the bow in the inventory."")";"/Game/UI/Textures/Icons/icon_stonetip_arrow.icon_stonetip_arrow";"/Game/Items/Weapons/Bow/BP_Item_BowProjectileBase.BP_Item_BowProjectileBase_C";"None";"/Game/Items/Weapons/Bow/BP_Visual_BowProjectileBase.BP_Visual_BowProjectileBase_C";"None";100;0;"Consumable";0;0;8;"None";"Ammunition";"";"";"";"";"";"";"";"";"";"";"";"";"";"";"";"";"";"";"";"";"";"";"";"";"";"";"";"";"";"";"";"";"";"";"";21;FALSE;0;0;0;0;0;0;0.10000000149011612;0;0;20;20;0;0;0;0;0;0;0;0;0;0;0;0;0;1;0.16200000047683716;0;0;0;0;"Stone";0;0;0;10;10;0;0;0;"/Game/Items/Weapons/Bow/SM_basic_wood_arrow.SM_basic_wood_arrow";"None";"/Game/Items/Weapons/Bow/SM_basic_wood_arrow_DM.SM_basic_wood_arrow_DM";0;0;0;0;0;-1;0;0;0;10001;8;1;11056;1;1;0;0;0;10;"NSLOCTEXT("""", ""ItemTable_53611_FirstModifier"", ""Low Grade"")";"NSLOCTEXT("""", ""ItemTable_53611_SecondModifier"", ""Projectile"")";"";"";0;0;0;1;0;"None";-1;-1;1;1;TRUE;"None";"None"
"53612";"NSLOCTEXT("""", ""ItemTable_53612_Name"", ""Ironhead Arrow"")";"NSLOCTEXT("""", ""ItemTable_53612_ShortDesc"", ""Arrows with iron heads"")";"NSLOCTEXT("""", ""ItemTable_53612_LongDesc"", ""<span style=\""italic\"">Better if steel and bowstring prevail without further aid from the arts, for the constant use of mighty spells sometimes sets forces in motion that might rock the universe.</> - The Hour of the Dragon\n\nA well-made arrow can be the difference between a hit and a miss.\n\nArrows can be equipped by dragging them over the bow in the inventory."")";"/Game/UI/Textures/Icons/icon_ironhead_arrow.icon_ironhead_arrow";"/Game/Items/Weapons/Bow/BP_Item_BowProjectileBase.BP_Item_BowProjectileBase_C";"None";"/Game/Items/Weapons/Bow/BP_Visual_BowProjectileBase.BP_Visual_BowProjectileBase_C";"None";100;0;"Consumable";0;0;8;"None";"Ammunition";"";"";"";"";"";"";"";"";"";"";"";"";"";"";"";"";"";"";"";"";"";"";"";"";"";"";"";"";"";"";"";"";"";"";"";21;FALSE;0;0;0;0;0;0;0.10000000149011612;0;0;22;22;0;0;0;0;0;0;0;0;0;0;0;0;0;2;0.16200000047683716;0;0;0;0;"Stone";0;0;0;10;10;0;0;0;"/Game/Items/Weapons/Bow/SM_iron_arrow.SM_iron_arrow";"None";"/Game/Items/Weapons/Bow/SM_iron_arrow_DM.SM_iron_arrow_DM";0;0;0;0;0;-1;0;0;0;11501;2;1;11056;1;1;0;0;0;24;"NSLOCTEXT("""", ""ItemTable_53612_FirstModifier"", ""Mid Grade"")";"NSLOCTEXT("""", ""ItemTable_53612_SecondModifier"", ""Projectile"")";"";"";0;0;0;1;0;"None";-1;-1;1;1;TRUE;"None";"None"
"53613";"NSLOCTEXT("""", ""ItemTable_53613_Name"", ""Razor Arrow"")";"NSLOCTEXT("""", ""ItemTable_53613_ShortDesc"", ""Arrows with sharpened steel heads"")";"NSLOCTEXT("""", ""ItemTable_53613_LongDesc"", ""<span style=\""italic\"">Better if steel and bowstring prevail without further aid from the arts, for the constant use of mighty spells sometimes sets forces in motion that might rock the universe.</> - The Hour of the Dragon\n\nA well-made arrow can be the difference between a hit and a miss.\n\nArrows can be equipped by dragging them over the bow in the inventory."")";"/Game/UI/Textures/Icons/icon_razor_arrow.icon_razor_arrow";"/Game/Items/Weapons/Bow/BP_Item_BowProjectileBase.BP_Item_BowProjectileBase_C";"None";"/Game/Items/Weapons/Bow/BP_Visual_BowProjectileBase.BP_Visual_BowProjectileBase_C";"None";100;0;"Consumable";0;0;8;"None";"Ammunition";"";"";"";"";"";"";"";"";"";"";"";"";"";"";"";"";"";"";"";"";"";"";"";"";"";"";"";"";"";"";"";"";"";"";"";24;FALSE;0;0;0;0;0;0;0.10000000149011612;0;0;24;24;0;0;0;0;0;0;0;0;0;0;0;0;0;3;0.16200000047683716;0;0;0;0;"Stone";0;0;0;10;10;0;0;0;"/Game/Items/Weapons/Bow/SM_iron_arrow.SM_iron_arrow";"None";"/Game/Items/Weapons/Bow/SM_iron_arrow_DM.SM_iron_arrow_DM";0;0;0;0;0;-1;0;0;0;11502;2;1;11056;3;1;0;0;0;49;"NSLOCTEXT("""", ""ItemTable_53613_FirstModifier"", ""High Grade"")";"NSLOCTEXT("""", ""ItemTable_53613_SecondModifier"", ""Projectile"")";"";"";0;0;0;1;0;"None";-1;-1;1;1;TRUE;"None";"None"
"53614";"NSLOCTEXT("""", ""ItemTable_53614_Name"", ""Steel Arrow"")";"NSLOCTEXT("""", ""ItemTable_53614_ShortDesc"", ""Arrows with steel heads"")";"NSLOCTEXT("""", ""ItemTable_53614_LongDesc"", ""<span style=\""italic\"">Better if steel and bowstring prevail without further aid from the arts, for the constant use of mighty spells sometimes sets forces in motion that might rock the universe.</> - The Hour of the Dragon\n\nA well-made arrow can be the difference between a hit and a miss.\n\nArrows can be equipped by dragging them over the bow in the inventory."")";"/Game/UI/Textures/Icons/icon_razor_arrow.icon_razor_arrow";"/Game/Items/Weapons/Bow/BP_Item_BowProjectileBase.BP_Item_BowProjectileBase_C";"None";"/Game/Items/Weapons/Bow/BP_Visual_BowProjectileBase.BP_Visual_BowProjectileBase_C";"None";100;0;"Consumable";0;0;8;"None";"Ammunition";"";"";"";"";"";"";"";"";"";"";"";"";"";"";"";"";"";"";"";"";"";"";"";"";"";"";"";"";"";"";"";"";"";"";"";23;FALSE;0;0;0;0;0;0;0.10000000149011612;0;0;23;23;0;0;0;0;0;0;0;0;0;0;0;0;0;4;0.16200000047683716;0;0;0;0;"Stone";0;0;0;10;10;0;0;0;"/Game/Items/Weapons/Bow/SM_razor_arrow.SM_razor_arrow";"None";"/Game/Items/Weapons/Bow/SM_razor_arrow_DM.SM_razor_arrow_DM";0;0;0;0;0;-1;0;0;0;11502;2;1;11056;1;1;0;0;0;54;"NSLOCTEXT("""", ""ItemTable_53614_FirstModifier"", ""Mid Grade"")";"NSLOCTEXT("""", ""ItemTable_53614_SecondModifier"", ""Projectile"")";"";"";0;0;0;1;0;"None";-1;-1;1;1;TRUE;"None";"None"
"53652";"NSLOCTEXT("""", ""ItemTable_53652_Name"", ""Abysmal Arrow"")";"NSLOCTEXT("""", ""ItemTable_53652_ShortDesc"", ""Arrows made with an Abysmal Fang"")";"NSLOCTEXT("""", ""ItemTable_53652_LongDesc"", ""The fangs of the Abysmal Remnant are made of a hardened substance that can withstand strong acid. They are also razor sharp.\n\nArrows can be equipped by dragging them over the bow in the inventory. "")";"/Game/UI/Textures/Icons/icon_sewerbeast_arrow.icon_sewerbeast_arrow";"/Game/Items/Weapons/Bow/BP_Item_BowProjectileBase.BP_Item_BowProjectileBase_C";"None";"/Game/Items/Weapons/Bow/BP_Visual_BowProjectileBase.BP_Visual_BowProjectileBase_C";"None";100;0;"Consumable";0;0;8;"None";"Ammunition";"";"";"";"";"";"";"";"";"";"";"";"";"";"";"";"";"";"";"";"";"";"";"";"";"";"";"";"";"";"";"";"";"";"";"";21;FALSE;0;0;0;0;0;0;0.10000000149011612;0;0;22;22;0;0;0;0;0;0;0;0;0;0;0;0;0;3;0.18000000715255737;0;0;0;0;"Stone";0;0;0;10;10;0;0;0;"/Game/Items/Weapons/Bow/SM_sewer_arrow.SM_sewer_arrow";"None";"/Game/Items/Weapons/Bow/SM_sewer_arrow_DM.SM_sewer_arrow_DM";0;0;0;0;0;-1;0;0;0;0;0;0;11056;1;1;0;0;0;49;"NSLOCTEXT("""", ""ItemTable_53652_FirstModifier"", ""Mid Grade"")";"NSLOCTEXT("""", ""ItemTable_53652_SecondModifier"", ""Projectile"")";"";"";0;0;0;1;0;"None";-1;-1;1;1;TRUE;"None";"None"
"53656";"NSLOCTEXT("""", ""ItemTable_53656_Name"", ""Star Metal Arrow"")";"NSLOCTEXT("""", ""ItemTable_53656_ShortDesc"", ""Arrows with heads forged from mysterious star metal"")";"NSLOCTEXT("""", ""ItemTable_53656_LongDesc"", ""<span style=\""italic\"">Now arrows fly between the hosts like stinging clouds that hide the sun.</> - The Hour of the Dragon\n\nThere is very little that can defend a target from such an exquisitely made arrow. But star metal is precious and rare, and not always available.\n\nArrows can be equipped by dragging them over the bow in the inventory."")";"/Game/UI/Textures/Icons/icon_star_metal_arrow.icon_star_metal_arrow";"/Game/Items/Weapons/Bow/BP_Item_BowProjectileBase.BP_Item_BowProjectileBase_C";"None";"/Game/Items/Weapons/Bow/BP_Visual_BowProjectileBase.BP_Visual_BowProjectileBase_C";"None";100;0;"Weapon";0;0;8;"None";"Ammunition";"";"";"";"";"";"";"";"";"";"";"";"";"";"";"";"";"";"";"";"";"";"";"";"";"";"";"";"";"";"";"";"";"";"";"";21;FALSE;0;0;0;0;0;0;0.10000000149011612;0;0;26;26;0;0;0;0;0;0;0;0;0;0;0;0;0;4;0.15299999713897705;0;0;0;0;"Steel";0;0;0;10;10;0;0;0;"/Game/Environment/Buildings/Meshes/SM_weapons_starmetal_arrow.SM_weapons_starmetal_arrow";"None";"/Game/Environment/Buildings/Meshes/SM_weapons_starmetal_arrow_DM.SM_weapons_starmetal_arrow_DM";0;0;0;0;0;-1;0;0;0;18061;2;1;11056;3;1;0;0;0;1356;"NSLOCTEXT("""", ""ItemTable_53656_FirstModifier"", ""High Grade"")";"NSLOCTEXT("""", ""ItemTable_53656_SecondModifier"", ""Projectile"")";"";"";0;0;0;1;0;"None";-1;-1;1;1;TRUE;"None";"None"
"53654";"NSLOCTEXT("""", ""ItemTable_53654_Name"", ""Hardened Steel Arrow"")";"NSLOCTEXT("""", ""ItemTable_53654_ShortDesc"", ""Arrows with hardened steel heads of Cimmerian make"")";"NSLOCTEXT("""", ""ItemTable_53654_LongDesc"", ""<span style=\""italic\"">Better if steel and bowstring prevail without further aid from the arts, for the constant use of mighty spells sometimes sets forces in motion that might rock the universe.</> - The Hour of the Dragon\n\nCimmerians may be called savages and barbarians, but their understanding of metal smithing is relatively advanced. They know the riddle of steel, how to harden it for greater durability and vicious wounds. Cimmerians use this fine metal to create arrowheads that will put holes straight through the fine and pretty armor of their civilized foes.\n\nArrows can be equipped by dragging them over the bow in the inventory."")";"/Game/UI/Textures/Icons/icon_hardened_steel_arrow.icon_hardened_steel_arrow";"/Game/Items/Weapons/Bow/BP_Item_BowProjectileBase.BP_Item_BowProjectileBase_C";"None";"/Game/Items/Weapons/Bow/BP_Visual_BowProjectileBase.BP_Visual_BowProjectileBase_C";"None";100;0;"Weapon";0;0;8;"None";"Ammunition";"";"";"";"";"";"";"";"";"";"";"";"";"";"";"";"";"";"";"";"";"";"";"";"";"";"";"";"";"";"";"";"";"";"";"";21;FALSE;0;0;0;0;0;0;0.10000000149011612;0;0;24;24;0;0;0;0;0;0;0;0;0;0;0;0;0;3;0.16200000047683716;0;0;0;0;"Steel";0;0;0;10;10;0;0;0;"/Game/Items/Weapons/Bow/SM_cimmerian_hardened_steel_arrow.SM_cimmerian_hardened_steel_arrow";"None";"/Game/Items/Weapons/Bow/SM_cimmerian_hardened_steel_arrow_DM.SM_cimmerian_hardened_steel_arrow_DM";0;0;0;0;0;-1;0;0;0;18062;2;1;11056;3;1;0;0;0;405;"NSLOCTEXT("""", ""ItemTable_53654_FirstModifier"", ""High Grade"")";"NSLOCTEXT("""", ""ItemTable_53654_SecondModifier"", ""Projectile"")";"";"";0;0;0;1;0;"None";-1;-1;1;1;TRUE;"None";"None"
"53658";"NSLOCTEXT("""", ""ItemTable_53658_Name"", ""Ice Shard Arrow"")";"NSLOCTEXT("""", ""ItemTable_53658_ShortDesc"", ""Arrows crafted from shards of ice infused with the power of Ymir"")";"NSLOCTEXT("""", ""ItemTable_53658_LongDesc"", ""<span style=\""italic\"">Better if steel and bowstring prevail without further aid from the arts, for the constant use of mighty spells sometimes sets forces in motion that might rock the universe.</> - The Hour of the Dragon\n\nA well-made arrow can be the difference between a hit and a miss.\n\nArrows can be equipped by dragging them over the bow in the inventory."")";"/Game/UI/Textures/Icons/icon_black_ice_arrow.icon_black_ice_arrow";"/Game/Items/Weapons/Bow/BP_Item_BowProjectileBase.BP_Item_BowProjectileBase_C";"None";"/Game/Items/Weapons/Bow/BP_Visual_BowProjectileBase.BP_Visual_BowProjectileBase_C";"None";100;0;"Consumable";0;0;8;"None";"Ammunition";"";"";"";"";"";"";"";"";"";"";"";"";"";"";"";"";"";"";"";"";"";"";"";"";"";"";"";"";"";"";"";"";"";"";"";21;FALSE;0;0;0;0;0;0;0.10000000149011612;0;0;22;22;0;0;0;0;0;0;0;0;0;0;0;0;0;3;0.17100000381469727;0;0;0;0;"Stone";0;0;0;10;10;0;0;0;"/Game/Items/Weapons/Bow/SM_ice_arrow.SM_ice_arrow";"None";"/Game/Items/Weapons/Bow/SM_ice_arrow_DM.SM_ice_arrow_DM";0;0;0;0;0;-1;0;0;0;0;0;0;11056;2;1;0;0;0;36;"NSLOCTEXT("""", ""ItemTable_53658_FirstModifier"", ""Mid Grade"")";"NSLOCTEXT("""", ""ItemTable_53658_SecondModifier"", ""Projectile"")";"";"";0;0;0;1;0;"None";-1;-1;1;1;TRUE;"None";"None"
"51184";"NSLOCTEXT("""", ""ItemTable_51184_Name"", ""Bone Arrow"")";"NSLOCTEXT("""", ""ItemTable_51184_ShortDesc"", ""Primitive arrows made from bone"")";"NSLOCTEXT("""", ""ItemTable_51184_LongDesc"", ""<span style=\""italic\"">Better if steel and bowstring prevail without further aid from the arts, for the constant use of mighty spells sometimes sets forces in motion that might rock the universe.</> - The Hour of the Dragon\n\nA well-made arrow can be the difference between a hit and a miss.\n\nArrows can be equipped by dragging them over the bow in the inventory."")";"/Game/UI/Textures/Icons/icon_bone_arrow.icon_bone_arrow";"/Game/Items/Weapons/Bow/BP_Item_BowProjectileBase.BP_Item_BowProjectileBase_C";"None";"/Game/Items/Weapons/Bow/BP_Visual_BowProjectileBase.BP_Visual_BowProjectileBase_C";"None";100;0;"Weapon";0;0;9;"None";"Ammunition";"";"";"";"";"";"";"";"";"";"";"";"";"";"";"";"";"";"";"";"";"";"";"";"";"";"";"";"";"";"";"";"";"";"";"";21;FALSE;0;0;0;0;0;1;0.10000000149011612;35;250;20;20;0;0;0;0;0;0;0;0;0;0;0;0;0;1;0.16200000047683716;0;0;0;0;"Stone";0;0;0;10;10;0;0;0;"/Game/Items/Weapons/Bow/SM_bone_arrow.SM_bone_arrow";"None";"/Game/Items/Weapons/Bow/SM_bone_arrow_DM.SM_bone_arrow_DM";0;0;0;0;0;-1;10021;2;1;12001;4;1;0;0;0;0;0;0;19;"NSLOCTEXT("""", ""ItemTable_51184_FirstModifier"", ""Low Grade"")";"NSLOCTEXT("""", ""ItemTable_51184_SecondModifier"", ""Projectile"")";"";"";0;0;0;1;0;"None";-1;-1;1;1;TRUE;"None";"None"
"53615";"NSLOCTEXT("""", ""ItemTable_53615_Name"", ""Healing Arrow"")";"NSLOCTEXT("""", ""ItemTable_53615_ShortDesc"", ""Arrows that release a healing cloud"")";"NSLOCTEXT("""", ""ItemTable_53615_LongDesc"", ""Made somewhat unwieldy by the bag of ground aloe attached to them, these arrows will release a small cloud of healing gas wherever they strike.\n\nThis doesn\'t seem like a practical way to deliver healing in battle, as there is just as much chance of healing foes. But... some people like exotic solutions.\n\nArrows can be equipped by dragging them over the bow in the inventory."")";"/Game/UI/Textures/Icons/icon_arrow_aloe.icon_arrow_aloe";"/Game/Items/Weapons/Bow/BP_Item_BowProjectileBase.BP_Item_BowProjectileBase_C";"None";"/Game/Items/Weapons/SpecialityAmmunition/BP_Visual_BowCustomProjectileBase_AloeMist.BP_Visual_BowCustomProjectileBase_AloeMist_C";"None";100;0;"Consumable";0;0;8;"None";"Ammunition";"";"";"";"";"";"";"";"";"";"";"";"";"";"";"";"";"";"";"";"";"";"";"";"";"";"";"";"";"";"";"";"";"";"";"";21;FALSE;0;0;0;0;0;0;0.10000000149011612;0;0;21;21;0;0;0;0;0;0;0;0;0;0;0;0;0;2;0.16200000047683716;0;0;0;0;"Stone";0;0;0;10;10;0;0;0;"/Game/Items/Weapons/Bow/SM_iron_arrow.SM_iron_arrow";"None";"/Game/Items/Weapons/Bow/SM_iron_arrow_DM.SM_iron_arrow_DM";0;0;0;0;0;-1;53612;1;1;14001;8;1;51973;1;1;0;0;0;222;"NSLOCTEXT("""", ""ItemTable_53615_FirstModifier"", ""Mid Grade"")";"NSLOCTEXT("""", ""ItemTable_53615_SecondModifier"", ""Projectile"")";"";"";0;0;0;1;0;"None";-1;-1;1;1;TRUE;"None";"None"
"53616";"NSLOCTEXT("""", ""ItemTable_53616_Name"", ""Ancient Arrow"")";"NSLOCTEXT("""", ""ItemTable_53616_ShortDesc"", ""An arrow of evil and ancient design"")";"NSLOCTEXT("""", ""ItemTable_53616_LongDesc"", ""Who knows what sorcery is etched upon the head of this ancient arrow? All that is know is that every shot with it weakens an enemy, corrupting their soul and leaving them gasping for relief.\n\nArrows can be equipped by dragging them over the bow in the inventory."")";"/Game/UI/Textures/Icons/icon_arrow_corruption.icon_arrow_corruption";"/Game/Items/Weapons/Bow/BP_Item_BowProjectileBase.BP_Item_BowProjectileBase_C";"None";"/Game/Items/Weapons/SpecialityAmmunition/BP_Visual_BowCustomProjectileBase_Corruption.BP_Visual_BowCustomProjectileBase_Corruption_C";"None";100;0;"Consumable";0;0;8;"None";"Ammunition";"";"";"";"";"";"";"";"";"";"";"";"";"";"";"";"";"";"";"";"";"";"";"";"";"";"";"";"";"";"";"";"";"";"";"";21;FALSE;0;0;0;0;0;0;0.10000000149011612;0;0;21;21;0;0;0;0;0;0;0;0;0;0;0;0;0;3;0.16200000047683716;0;0;0;0;"Stone";0;0;0;10;10;0;0;0;"/Game/Items/Weapons/Bow/SM_iron_arrow.SM_iron_arrow";"None";"/Game/Items/Weapons/Bow/SM_iron_arrow_DM.SM_iron_arrow_DM";0;0;0;0;0;-1;53612;1;1;12514;4;1;0;0;0;0;0;0;101619;"NSLOCTEXT("""", ""ItemTable_53616_FirstModifier"", ""Low Grade"")";"NSLOCTEXT("""", ""ItemTable_53616_SecondModifier"", ""Projectile"")";"";"";0;0;0;1;0;"None";-1;-1;1;1;TRUE;"None";"None"
"53617";"NSLOCTEXT("""", ""ItemTable_53617_Name"", ""Explosive Arrow"")";"NSLOCTEXT("""", ""ItemTable_53617_ShortDesc"", ""An arrow that explodes on impact"")";"NSLOCTEXT("""", ""ItemTable_53617_LongDesc"", ""Only a madman would willingly carry arrows like this into battle. The chance of hitting friends when trying to damage foes, the chance of accidentally ricocheting an arrow back into oneself, and the chance that the arrows will explode in the quiver...\nA madman or a berserker, perhaps.\n\nArrows can be equipped by dragging them over the bow in the inventory."")";"/Game/UI/Textures/Icons/icon_arrow_explosive.icon_arrow_explosive";"/Game/Items/Weapons/Bow/BP_Item_BowProjectileBase.BP_Item_BowProjectileBase_C";"None";"/Game/Items/Weapons/SpecialityAmmunition/BP_Visual_BowCustomProjectileBase_Explosive.BP_Visual_BowCustomProjectileBase_Explosive_C";"None";100;0;"Consumable";0;0;8;"None";"Ammunition";"";"";"";"";"";"";"";"";"";"";"";"";"";"";"";"";"";"";"";"";"";"";"";"";"";"";"";"";"";"";"";"";"";"";"";21;FALSE;0;0;0;0;0;0;0.10000000149011612;0;0;21;21;0;0;0;0;0;0;0;0;0;0;0;0;0;3;0.16200000047683716;0;0;0;0;"Stone";0;0;0;10;10;0;0;0;"/Game/Items/Weapons/Bow/SM_iron_arrow.SM_iron_arrow";"None";"/Game/Items/Weapons/Bow/SM_iron_arrow_DM.SM_iron_arrow_DM";0;0;0;0;0;-1;53612;1;1;14172;4;1;0;0;0;0;0;0;101637;"NSLOCTEXT("""", ""ItemTable_53617_FirstModifier"", ""High Grade"")";"NSLOCTEXT("""", ""ItemTable_53617_SecondModifier"", ""Projectile"")";"";"";0;0;0;1;0;"None";-1;-1;1;1;TRUE;"None";"None"
"53619";"NSLOCTEXT("""", ""ItemTable_53619_Name"", ""Poison Arrow"")";"NSLOCTEXT("""", ""ItemTable_53619_ShortDesc"", ""A hollowed out arrow filled with a poisonous powder"")";"NSLOCTEXT("""", ""ItemTable_53619_LongDesc"", ""This arrowhead has been hollowed out and filled with a poisonous powder. Designed to split upon impact, the arrow releases a cloud of poisonous spores into the air, damaging any standing within.\n\nArrows can be equipped by dragging them over the bow in the inventory. "")";"/Game/UI/Textures/Icons/icon_arrow_poison.icon_arrow_poison";"/Game/Items/Weapons/Bow/BP_Item_BowProjectileBase.BP_Item_BowProjectileBase_C";"None";"/Game/Items/Weapons/SpecialityAmmunition/BP_Visual_BowCustomProjectileBase_Poisonbomb.BP_Visual_BowCustomProjectileBase_Poisonbomb_C";"None";100;0;"Consumable";0;0;8;"None";"Ammunition";"";"";"";"";"";"";"";"";"";"";"";"";"";"";"";"";"";"";"";"";"";"";"";"";"";"";"";"";"";"";"";"";"";"";"";21;FALSE;0;0;0;0;0;0;0.10000000149011612;0;0;21;21;0;0;0;0;0;0;0;0;0;0;0;0;0;2;0.16200000047683716;0;0;0;0;"Stone";0;0;0;10;10;0;0;0;"/Game/Items/Weapons/Bow/SM_iron_arrow.SM_iron_arrow";"None";"/Game/Items/Weapons/Bow/SM_iron_arrow_DM.SM_iron_arrow_DM";0;0;0;0;0;-1;53612;1;1;51974;1;1;0;0;0;0;0;0;546;"NSLOCTEXT("""", ""ItemTable_53619_FirstModifier"", ""Mid Grade"")";"NSLOCTEXT("""", ""ItemTable_53619_SecondModifier"", ""Projectile"")";"";"";0;0;0;1;0;"None";-1;-1;1;1;TRUE;"None";"None"
"53620";"NSLOCTEXT("""", ""ItemTable_53620_Name"", ""Oil Arrow"")";"NSLOCTEXT("""", ""ItemTable_53620_ShortDesc"", ""An arrow containing an oily solution"")";"NSLOCTEXT("""", ""ItemTable_53620_LongDesc"", ""The hollow arrow is filled with a pair of special reactants that mix together on contact with the ground and form an oily pool.\nArrows can be equipped by dragging them over the bow in the inventory. "")";"/Game/UI/Textures/Icons/icon_arrow_tar.icon_arrow_tar";"/Game/Items/Weapons/Bow/BP_Item_BowProjectileBase.BP_Item_BowProjectileBase_C";"None";"/Game/Items/Weapons/SpecialityAmmunition/BP_Visual_BowCustomProjectileBase_Tar.BP_Visual_BowCustomProjectileBase_Tar_C";"None";100;0;"Consumable";0;0;8;"None";"Ammunition";"";"";"";"";"";"";"";"";"";"";"";"";"";"";"";"";"";"";"";"";"";"";"";"";"";"";"";"";"";"";"";"";"";"";"";21;FALSE;0;0;0;0;0;0;0.10000000149011612;0;0;21;21;0;0;0;0;0;0;0;0;0;0;0;0;0;3;0.16200000047683716;0;0;0;0;"Stone";0;0;0;10;10;0;0;0;"/Game/Items/Weapons/Bow/SM_iron_arrow.SM_iron_arrow";"None";"/Game/Items/Weapons/Bow/SM_iron_arrow_DM.SM_iron_arrow_DM";0;0;0;0;0;-1;53612;1;1;14172;8;1;14197;2;1;0;0;0;1134;"NSLOCTEXT("""", ""ItemTable_53620_FirstModifier"", ""High Grade"")";"NSLOCTEXT("""", ""ItemTable_53620_SecondModifier"", ""Projectile"")";"";"";0;0;0;1;0;"None";-1;-1;1;1;TRUE;"None";"None"
"51529";"NSLOCTEXT("""", ""ItemTable_51529_Name"", ""Serpent-man Arrow"")";"NSLOCTEXT("""", ""ItemTable_51529_ShortDesc"", ""An arrow made in a blasphemous ancient style"")";"NSLOCTEXT("""", ""ItemTable_51529_LongDesc"", ""<span style=\""italic\"">And at last mankind conquered, so long ago that naught but dim legends come to us through the ages. The snake-people were the last to go, yet at last men conquered even them and drove them forth into the waste lands of the world, there to mate with true snakes until some day, say the sages, the horrid breed shall vanish utterly.</> - The Shadow Kingdom\n\nThe snake-people were thought to be gone. First defeated in the war with first man at the dawn of time, then purged again by King Kull of Valusia.\n\nBut here, in this bizarre, mysterious piece of the world, they found succor with the Giant-kings. Perhaps the city in the volcano was ancient before even the Giant-kings lived in this land. But either way, the degenerate remnant remains.\n\nArrows can be equipped by dragging them over the bow in the inventory."")";"/Game/UI/Textures/Icons/icon_serpentmen_arrow.icon_serpentmen_arrow";"/Game/Items/Weapons/Bow/BP_Item_BowProjectileBase.BP_Item_BowProjectileBase_C";"None";"/Game/Items/Weapons/Bow/BP_Visual_BowProjectileBase.BP_Visual_BowProjectileBase_C";"None";100;0;"Weapon";0;0;8;"None";"Ammunition";"";"";"";"";"";"";"";"";"";"";"";"";"";"";"";"";"";"";"";"";"";"";"";"";"";"";"";"";"";"";"";"";"";"";"";21;FALSE;0;0;0;0;0;1;0.10000000149011612;35;250;26;26;0;0;0;0;0;0;0;0;0;0;0;0;0;4;0.1784999966621399;0;0;0;0;"Stone";0;0;0;10;10;0;0;0;"/Game/Items/Weapons/Bow/SM_serpentmen_arrow_01.SM_serpentmen_arrow_01";"None";"/Game/Items/Weapons/Bow/SM_serpentmen_arrow_01_DM.SM_serpentmen_arrow_01_DM";0;0;0;0;0;-1;0;0;0;11501;8;1;11056;3;1;0;0;0;1296;"NSLOCTEXT("""", ""ItemTable_51529_FirstModifier"", ""High Grade"")";"NSLOCTEXT("""", ""ItemTable_51529_SecondModifier"", ""Projectile"")";"";"";0;0;0;1;0;"None";-1;-1;1;1;TRUE;"None";"None"
"51503";"NSLOCTEXT("""", ""ItemTable_51503_Name"", ""Obsidian Arrow"")";"NSLOCTEXT("""", ""ItemTable_51503_ShortDesc"", ""Arrows tipped with sharp, black glass"")";"NSLOCTEXT("""", ""ItemTable_51503_LongDesc"", ""Forged in the depths of the Volcano that looms over the Exiled Lands, these arrows are made of obsidian. They are brittle, but the sharp facets of the black glass will cause additional damage to opponents.\n\nArrows can be equipped by dragging them over the bow in the inventory."")";"/Game/UI/Textures/Icons/icon_obsidian_arrow.icon_obsidian_arrow";"/Game/Items/Weapons/Bow/BP_Item_BowProjectileBase.BP_Item_BowProjectileBase_C";"None";"/Game/Items/Weapons/Bow/BP_Visual_BowProjectileBase.BP_Visual_BowProjectileBase_C";"None";100;0;"Weapon";0;0;8;"None";"Ammunition";"";"";"";"";"";"";"";"";"";"";"";"";"";"";"";"";"";"";"";"";"";"";"";"";"";"";"";"";"";"";"";"";"";"";"";21;FALSE;0;0;0;0;0;1;0.10000000149011612;35;250;25;25;0;0;0;0;0;0;0;0;0;0;0;0;0;4;0.1979999989271164;0;0;0;0;"Stone";0;0;0;10;10;0;0;0;"/Game/Items/Weapons/Bow/SM_obsidian_arrow.SM_obsidian_arrow";"None";"/Game/Items/Weapons/Bow/SM_obsidian_arrow_DM.SM_obsidian_arrow_DM";0;0;0;0;0;-1;0;0;0;14152;1;1;11056;3;1;0;0;0;1296;"NSLOCTEXT("""", ""ItemTable_51503_FirstModifier"", ""High Grade"")";"NSLOCTEXT("""", ""ItemTable_51503_SecondModifier"", ""Projectile"")";"";"";0;0;0;1;0;"None";-1;-1;1;1;TRUE;"None";"None"
"51471";"NSLOCTEXT("""", ""ItemTable_51471_Name"", ""Ivory Arrow"")";"NSLOCTEXT("""", ""ItemTable_51471_ShortDesc"", ""An arrow formed from ivory "")";"NSLOCTEXT("""", ""ItemTable_51471_LongDesc"", ""Like cultures and customs, the value of ivory depends upon the kingdom where it is seen.\n\nIn the Hyborian kingdoms, where elephants and other creatures are rare, it is a tangible sign of both wealth and power. In the Black Kingdoms, it is common - few warriors exist in those lands who do not possess an ivory handled dagger or jewelry.\n\nIt is a great source of trade between the north and the south - indeed it could be said that ivory is the primary reason that merchants dare make the dangerous journey along the Black Coast to trade for it in Kush.\n\nThis ivory arrow, honed to perfection, is excellently balanced and will cause great damage.\n\nArrows can be equipped by dragging them over the bow in the inventory."")";"/Game/UI/Textures/Icons/icon_arrow_ivory.icon_arrow_ivory";"/Game/Items/Weapons/Bow/BP_Item_BowProjectileBase.BP_Item_BowProjectileBase_C";"None";"/Game/Items/Weapons/Bow/BP_Visual_BowProjectileBase.BP_Visual_BowProjectileBase_C";"None";100;0;"Weapon";0;0;9;"None";"Ammunition";"";"";"";"";"";"";"";"";"";"";"";"";"";"";"";"";"";"";"";"";"";"";"";"";"";"";"";"";"";"";"";"";"";"";"";21;FALSE;0;0;0;0;0;1;0.10000000149011612;35;250;24;24;0;0;0;0;0;0;0;0;0;0;0;0;0;3;0.16200000047683716;0;0;0;0;"Iron";0;0;0;10;10;0;0;0;"/Game/Items/Weapons/Bow/SM_bone_arrow.SM_bone_arrow";"None";"/Game/Items/Weapons/Bow/SM_bone_arrow_DM.SM_bone_arrow_DM";0;0;0;0;0;-1;0;0;0;11502;4;1;11056;3;1;0;0;0;24;"NSLOCTEXT("""", ""ItemTable_51471_FirstModifier"", ""Mid Grade"")";"NSLOCTEXT("""", ""ItemTable_51471_SecondModifier"", ""Projectile"")";"";"";0;0;0;1;0;"None";-1;-1;1;1;TRUE;"None";"None"
"54004";"NSLOCTEXT("""", ""ItemTable_54004_Name"", ""Dragonbone Arrow"")";"NSLOCTEXT("""", ""ItemTable_54004_ShortDesc"", ""Arrows crafted of exquisite dragonbone"")";"NSLOCTEXT("""", ""ItemTable_54004_LongDesc"", ""<span style=\""italic\"">And their magicians made a terrible magic to guard the city; for by their necromantic arts they re-created the dragons which had once dwelt in this lost land, and whose monstrous bones they found in the forest. Those bones they clothed in flesh and life, and the living beasts walked the earth as they walked it when time was young.</> - Red Nails\n\nThrough the long passage of eons, rumors of dragons have always been passed down from generation to generation, and the legacy of these fearsome creatures grows with each telling.\n\nArrows can be equipped by dragging them over the bow in the inventory."")";"/Game/UI/Textures/Icons/icon_dragonhorn_arrow.icon_dragonhorn_arrow";"/Game/Items/Weapons/Bow/BP_Item_BowProjectileBase.BP_Item_BowProjectileBase_C";"None";"/Game/Items/Weapons/Bow/BP_Visual_BowProjectileBase.BP_Visual_BowProjectileBase_C";"None";100;0;"Weapon";0;0;9;"None";"Ammunition";"";"";"";"";"";"";"";"";"";"";"";"";"";"";"";"";"";"";"";"";"";"";"";"";"";"";"";"";"";"";"";"";"";"";"";21;FALSE;0;0;0;0;0;1;0.10000000149011612;35;250;27;27;0;0;0;0;0;0;0;0;0;0;0;0;0;4;0.18000000715255737;0;0;0;0;"Steel";0;0;0;10;10;0;0;0;"/Game/Items/Weapons/Bow/SM_undead_dragon_horn_arrow.SM_undead_dragon_horn_arrow";"None";"/Game/Items/Weapons/Bow/SM_undead_dragon_horn_arrow_DM.SM_undead_dragon_horn_arrow_DM";0;0;0;0;0;-1;10022;2;1;11056;4;1;0;0;0;0;0;0;96;"NSLOCTEXT("""", ""ItemTable_54004_FirstModifier"", ""High Grade"")";"NSLOCTEXT("""", ""ItemTable_54004_SecondModifier"", ""Projectile"")";"";"";0;0;0;1;0;"None";-1;-1;1;1;TRUE;"None";"None"
"50515";"NSLOCTEXT("""", ""ItemTable_50515_Name"", ""Quivering Arrow"")";"NSLOCTEXT("""", ""ItemTable_50515_ShortDesc"", ""An ancient weapon found in the Unnamed City"")";"NSLOCTEXT("""", ""ItemTable_50515_LongDesc"", ""Made from the bones and claws of the Winged Death, these arrows cause tremendous damage."")";"/Game/UI/Textures/Icons/icon_arrow_ivory.icon_arrow_ivory";"/Game/Items/Weapons/Bow/BP_Item_BowProjectileBase.BP_Item_BowProjectileBase_C";"None";"/Game/Items/Weapons/Bow/BP_Visual_BowProjectileBase.BP_Visual_BowProjectileBase_C";"None";100;0;"Weapon";0;0;9;"None";"Ammunition";"";"";"";"";"";"";"";"";"";"";"";"";"";"";"";"";"";"";"";"";"";"";"";"";"";"";"";"";"";"";"";"";"";"";"";21;FALSE;0;0;0;0;0;1;0.10000000149011612;35;250;25;25;0;0;0;0;0;0;0;0;0;0;0;0;0;5;0.3499999940395355;0;0;0;0;"Iron";0;0;0;10;10;0;0;0;"/Game/Items/Weapons/Bow/SM_bone_arrow.SM_bone_arrow";"None";"/Game/Items/Weapons/Bow/SM_bone_arrow_DM.SM_bone_arrow_DM";0;0;0;0;0;-1;0;0;0;0;0;0;0;0;0;0;0;0;3;"NSLOCTEXT("""", ""ItemTable_50515_FirstModifier"", ""Legendary"")";"NSLOCTEXT("""", ""ItemTable_50515_SecondModifier"", ""Projectile"")";"";"";0;0;0;1;0;"None";-1;-1;1;1;TRUE;"None";"None"
"51216";"NSLOCTEXT("""", ""ItemTable_51216_Name"", ""Mandibles of Atlach-Nacha"")";"NSLOCTEXT("""", ""ItemTable_51216_ShortDesc"", ""Arrows made from the mandibles of a giant spider"")";"NSLOCTEXT("""", ""ItemTable_51216_LongDesc"", ""<span style=\""italic\"">Better if steel and bowstring prevail without further aid from the arts, for the constant use of mighty spells sometimes sets forces in motion that might rock the universe.</> - The Hour of the Dragon\n\nA well-made arrow can be the difference between a hit and a miss.\n\nArrows can be equipped by dragging them over the bow in the inventory."")";"/Game/UI/Textures/Icons/icon_bone_arrow.icon_bone_arrow";"/Game/Items/Weapons/Bow/BP_Item_BowProjectileBase.BP_Item_BowProjectileBase_C";"None";"/Game/Items/Weapons/Bow/BP_Visual_BowProjectileBase.BP_Visual_BowProjectileBase_C";"None";100;0;"Weapon";0;0;9;"None";"Ammunition";"";"";"";"";"";"";"";"";"";"";"";"";"";"";"";"";"";"";"";"";"";"";"";"";"";"";"";"";"";"";"";"";"";"";"";21;FALSE;0;0;0;0;0;1;0.10000000149011612;35;250;20;20;0;0;0;0;0;0;0;0;0;0;0;0;0;1;0.5;0;0;0;0;"Stone";0;0;0;10;10;0;0;0;"/Game/Items/Weapons/Bow/SM_bone_arrow.SM_bone_arrow";"None";"/Game/Items/Weapons/Bow/SM_bone_arrow_DM.SM_bone_arrow_DM";0;0;0;0;0;-1;0;0;0;0;0;0;0;0;0;0;0;0;0;"NSLOCTEXT("""", ""ItemTable_51216_FirstModifier"", ""High Grade"")";"NSLOCTEXT("""", ""ItemTable_51216_SecondModifier"", ""Projectile"")";"NSLOCTEXT("""", ""ItemTable_51216_ThirdModifier"", ""Armor Negation"")";"";0;0;0;1;0;"None";-1;-1;1;1;TRUE;"None";"None"
"92099";"NSLOCTEXT("""", ""ItemTable_92099_Name"", ""Hollowbone Arrow"")";"NSLOCTEXT("""", ""ItemTable_92099_ShortDesc"", ""Arrows made from the hollowed bones of a winged demon"")";"NSLOCTEXT("""", ""ItemTable_92099_LongDesc"", ""These arrows were not crafted as much as ripped from the dead bodies of the winged Children of Jhil."")";"/Game/UI/Textures/Icons/icon_hollowbone_arrow.icon_hollowbone_arrow";"/Game/Items/Weapons/Bow/BP_Item_BowProjectileBase.BP_Item_BowProjectileBase_C";"None";"/Game/Items/Weapons/Bow/BP_Visual_BowProjectileBase.BP_Visual_BowProjectileBase_C";"None";100;0;"Weapon";0;0;9;"None";"Ammunition";"";"";"";"";"";"";"";"";"";"";"";"";"";"";"";"";"";"";"";"";"";"";"";"";"";"";"";"";"";"";"";"";"";"";"";21;FALSE;0;0;0;0;0;1;0.10000000149011612;35;250;27;27;0;0;0;0;0;0;0;0;0;0;0;0;0;5;0.5400000214576721;0;0;0;0;"Steel";0;0;0;10;10;0;0;0;"/Game/Items/Weapons/Bow/SM_undead_dragon_horn_arrow.SM_undead_dragon_horn_arrow";"None";"/Game/Items/Weapons/Bow/SM_undead_dragon_horn_arrow_DM.SM_undead_dragon_horn_arrow_DM";0;0;0;0;0;-1;0;0;0;0;0;0;0;0;0;0;0;0;3;"NSLOCTEXT("""", ""ItemTable_92099_FirstModifier"", ""Legendary"")";"NSLOCTEXT("""", ""ItemTable_92099_SecondModifier"", ""Projectile"")";"";"NSLOCTEXT("""", ""ItemTable_92099_FourthModifier"", ""Hollowbone"")";0;0;0;1;0;"None";-1;-1;1;1;TRUE;"None";"None"
